Date,Campaign,Channel,Spend_USD,Revenue_USD,ROI_Percent,Clicks,Conversions
2025-07-01,Lead Gen,Google Ads,1990.4,4742.38,138.26,609,389
2025-07-01,Product Launch,Meta Ads,590.71,2590.19,338.49,1879,356
2025-07-01,Lead Gen,Email Marketing,443.43,588.93,32.81,7112,26
2025-07-01,Product Launch,LinkedIn Ads,851.45,1749.73,105.5,634,297
2025-07-01,Brand Awareness,TikTok Ads,1374.66,3293.99,139.62,7559,311
2025-07-02,Retargeting,Google Ads,2324.66,7014.06,201.72,2815,367
2025-07-02,Brand Awareness,Meta Ads,635.34,1015.79,59.88,5714,62
2025-07-02,Brand Awareness,Email Marketing,1205.14,2816.94,133.74,5835,319
2025-07-02,Holiday Promo,LinkedIn Ads,2243.25,12078.55,438.44,8985,73
2025-07-02,Retargeting,TikTok Ads,420.64,1641.82,290.31,5003,434
2025-07-03,Retargeting,Google Ads,1816.59,7345.26,304.34,1339,33
2025-07-03,Retargeting,Meta Ads,2958.62,4835.29,63.43,4014,453
2025-07-03,Lead Gen,Email Marketing,1469.55,4102.66,179.18,6177,93
2025-07-03,Product Launch,LinkedIn Ads,2076.49,8161.45,293.04,1369,321
2025-07-03,Product Launch,TikTok Ads,2241.56,6347.33,183.17,2877,246
2025-07-04,Brand Awareness,Google Ads,814.92,3670.19,350.37,5513,441
2025-07-04,Retargeting,Meta Ads,841.33,2150.82,155.65,725,422
2025-07-04,Lead Gen,Email Marketing,385.33,1651.92,328.7,9492,458
2025-07-04,Holiday Promo,LinkedIn Ads,2035.23,10445.93,413.26,6682,462
2025-07-04,Product Launch,TikTok Ads,600.04,2642.25,340.35,2487,136
2025-07-05,Holiday Promo,Google Ads,935.68,4735.14,406.06,9777,229
2025-07-05,Brand Awareness,Meta Ads,1213.59,4031.69,232.21,2466,270
2025-07-05,Holiday Promo,Email Marketing,2611.09,4929.54,88.79,2704,331
2025-07-05,Holiday Promo,LinkedIn Ads,1869.95,7035.35,276.23,6504,205
2025-07-05,Brand Awareness,TikTok Ads,1681.52,8832.1,425.25,9264,450
2025-07-06,Retargeting,Google Ads,2108.79,4950.06,134.73,8997,394
2025-07-06,Retargeting,Meta Ads,512.35,1614.42,215.1,7323,90
2025-07-06,Retargeting,Email Marketing,2921.29,14969.57,412.43,3127,269
2025-07-06,Retargeting,LinkedIn Ads,2556.67,5254.77,105.53,8517,321
2025-07-06,Product Launch,TikTok Ads,2335.03,10619.94,354.81,9037,498
2025-07-07,Retargeting,Google Ads,2771.78,3558.27,28.37,5510,260
2025-07-07,Product Launch,Meta Ads,2660.42,3855.16,44.91,5238,132
2025-07-07,Brand Awareness,Email Marketing,2851.46,9380.62,228.98,1603,384
2025-07-07,Holiday Promo,LinkedIn Ads,2938.36,5115.01,74.08,8927,402
2025-07-07,Product Launch,TikTok Ads,2851.18,9890.74,246.9,2905,145
2025-07-08,Lead Gen,Google Ads,1384.79,4873.04,251.9,3670,485
2025-07-08,Holiday Promo,Meta Ads,2196.26,8772.91,299.45,6737,353
2025-07-08,Brand Awareness,Email Marketing,2718.92,6161.06,126.6,7597,71
2025-07-08,Lead Gen,LinkedIn Ads,1146.64,2510.56,118.95,9838,293
2025-07-08,Brand Awareness,TikTok Ads,220.13,327.95,48.98,1164,127
2025-07-09,Holiday Promo,Google Ads,2606.98,5796.41,122.34,1360,273
2025-07-09,Product Launch,Meta Ads,799.86,4177.44,422.27,2367,380
2025-07-09,Holiday Promo,Email Marketing,1813.39,5864.11,223.38,4181,411
2025-07-09,Holiday Promo,LinkedIn Ads,733.15,2238.69,205.35,1788,347
2025-07-09,Brand Awareness,TikTok Ads,1351.09,5417.68,300.99,1087,354
2025-07-10,Lead Gen,Google Ads,369.72,1813.55,390.52,5759,419
2025-07-10,Lead Gen,Meta Ads,736.45,1327.66,80.28,8986,239
2025-07-10,Holiday Promo,Email Marketing,979.93,5066.28,417.0,4292,457
2025-07-10,Product Launch,LinkedIn Ads,2462.46,3490.61,41.75,9216,60
2025-07-10,Lead Gen,TikTok Ads,2540.88,11282.35,344.03,1728,484
2025-07-11,Holiday Promo,Google Ads,665.67,1410.63,111.91,8156,256
2025-07-11,Holiday Promo,Meta Ads,2726.84,3297.48,20.93,2897,204
2025-07-11,Product Launch,Email Marketing,942.57,2845.55,201.89,7654,156
2025-07-11,Lead Gen,LinkedIn Ads,2053.24,4140.48,101.66,8173,89
2025-07-11,Retargeting,TikTok Ads,2912.39,10284.93,253.14,9689,386
2025-07-12,Product Launch,Google Ads,360.06,1210.61,236.22,9771,254
2025-07-12,Brand Awareness,Meta Ads,640.81,3114.83,386.08,8520,51
2025-07-12,Product Launch,Email Marketing,1866.1,3201.32,71.55,4053,216
2025-07-12,Holiday Promo,LinkedIn Ads,889.4,3436.06,286.33,9940,30
2025-07-12,Retargeting,TikTok Ads,2040.64,5224.83,156.04,9460,277
2025-07-13,Lead Gen,Google Ads,771.93,1807.97,134.21,5347,132
2025-07-13,Brand Awareness,Meta Ads,2080.73,5325.76,155.96,5115,244
2025-07-13,Lead Gen,Email Marketing,226.08,342.52,51.5,9424,61
2025-07-13,Brand Awareness,LinkedIn Ads,1616.48,4365.69,170.07,2370,487
2025-07-13,Product Launch,TikTok Ads,2661.96,4999.99,87.83,6254,155
2025-07-14,Product Launch,Google Ads,2169.91,8835.47,307.18,8866,14
2025-07-14,Retargeting,Meta Ads,1038.26,5166.33,397.6,1897,490
2025-07-14,Retargeting,Email Marketing,523.2,1872.46,257.89,1953,390
2025-07-14,Retargeting,LinkedIn Ads,988.92,2644.75,167.44,3650,377
2025-07-14,Brand Awareness,TikTok Ads,1615.15,8245.48,410.51,4314,473
2025-07-15,Brand Awareness,Google Ads,458.44,1095.55,138.97,7139,434
2025-07-15,Lead Gen,Meta Ads,1133.96,6138.27,441.31,2343,336
2025-07-15,Brand Awareness,Email Marketing,2275.45,6915.21,203.91,9238,371
2025-07-15,Retargeting,LinkedIn Ads,513.25,695.41,35.49,2642,289
2025-07-15,Retargeting,TikTok Ads,1831.03,3200.67,74.8,2626,230
2025-07-16,Lead Gen,Google Ads,1221.02,3343.86,173.86,853,470
2025-07-16,Holiday Promo,Meta Ads,2067.41,7458.18,260.75,5994,409
2025-07-16,Lead Gen,Email Marketing,2926.74,15214.62,419.85,2732,483
2025-07-16,Lead Gen,LinkedIn Ads,2933.38,8720.55,197.29,3100,461
2025-07-16,Lead Gen,TikTok Ads,2262.38,11770.05,420.25,5642,410
2025-07-17,Holiday Promo,Google Ads,947.06,4688.25,395.03,1971,205
2025-07-17,Lead Gen,Meta Ads,822.81,2067.16,151.23,7741,189
2025-07-17,Brand Awareness,Email Marketing,824.19,2152.39,161.15,3364,214
2025-07-17,Holiday Promo,LinkedIn Ads,2907.29,11508.13,295.84,4773,189
2025-07-17,Brand Awareness,TikTok Ads,2102.65,11015.19,423.87,8985,179
2025-07-18,Retargeting,Google Ads,2655.71,9816.93,269.65,4479,101
2025-07-18,Retargeting,Meta Ads,307.12,825.06,168.64,9974,232
2025-07-18,Product Launch,Email Marketing,1421.9,4061.43,185.63,8579,69
2025-07-18,Product Launch,LinkedIn Ads,732.22,2251.61,207.5,927,372
2025-07-18,Lead Gen,TikTok Ads,2791.61,11985.91,329.35,9021,361
2025-07-19,Retargeting,Google Ads,1219.82,4947.86,305.62,1346,495
2025-07-19,Product Launch,Meta Ads,1944.84,9860.73,407.02,2241,378
2025-07-19,Retargeting,Email Marketing,1066.0,3123.72,193.03,6891,177
2025-07-19,Holiday Promo,LinkedIn Ads,1752.35,7113.13,305.92,3343,225
2025-07-19,Holiday Promo,TikTok Ads,2096.49,7646.22,264.72,3051,325
2025-07-20,Holiday Promo,Google Ads,1734.22,4220.62,143.37,206,165
2025-07-20,Lead Gen,Meta Ads,2400.12,7439.6,209.97,5479,248
2025-07-20,Product Launch,Email Marketing,1631.29,2552.35,56.46,2980,347
2025-07-20,Lead Gen,LinkedIn Ads,2058.79,9715.88,371.92,5691,57
2025-07-20,Brand Awareness,TikTok Ads,2083.83,4284.89,105.63,3880,422
2025-07-21,Brand Awareness,Google Ads,329.4,1598.87,385.39,7984,322
2025-07-21,Holiday Promo,Meta Ads,1475.17,6326.84,328.89,9631,109
2025-07-21,Brand Awareness,Email Marketing,1584.26,6370.39,302.11,4197,85
2025-07-21,Lead Gen,LinkedIn Ads,2699.45,8174.28,202.81,1946,408
2025-07-21,Lead Gen,TikTok Ads,2451.51,3471.19,41.59,8686,247
2025-07-22,Holiday Promo,Google Ads,2768.92,4910.29,77.34,2188,243
2025-07-22,Holiday Promo,Meta Ads,2069.22,5306.27,156.44,9357,314
2025-07-22,Product Launch,Email Marketing,1915.43,9139.37,377.14,8470,228
2025-07-22,Holiday Promo,LinkedIn Ads,1448.56,7104.36,390.44,2807,390
2025-07-22,Product Launch,TikTok Ads,925.74,3649.22,294.19,4250,440
2025-07-23,Retargeting,Google Ads,1556.87,4812.99,209.15,4119,150
2025-07-23,Brand Awareness,Meta Ads,856.58,4317.18,404.0,5702,173
2025-07-23,Lead Gen,Email Marketing,587.45,2457.88,318.4,3988,206
2025-07-23,Holiday Promo,LinkedIn Ads,379.84,1342.06,253.32,6878,179
2025-07-23,Product Launch,TikTok Ads,374.34,1905.69,409.08,7083,209
2025-07-24,Product Launch,Google Ads,2848.97,14207.31,398.68,520,448
2025-07-24,Holiday Promo,Meta Ads,1265.07,3431.58,171.26,296,492
2025-07-24,Product Launch,Email Marketing,2589.65,11431.54,341.43,7065,285
2025-07-24,Holiday Promo,LinkedIn Ads,2439.63,5229.38,114.35,3813,259
2025-07-24,Holiday Promo,TikTok Ads,1559.8,6357.99,307.62,6571,182
2025-07-25,Product Launch,Google Ads,2227.71,3895.82,74.88,7857,480
2025-07-25,Brand Awareness,Meta Ads,1695.55,6149.57,262.69,6655,313
2025-07-25,Lead Gen,Email Marketing,435.05,2143.69,392.75,7222,79
2025-07-25,Retargeting,LinkedIn Ads,340.8,719.14,111.02,6411,177
2025-07-25,Holiday Promo,TikTok Ads,1145.0,5076.52,343.36,6411,152
2025-07-26,Product Launch,Google Ads,906.36,1163.18,28.34,1541,250
2025-07-26,Brand Awareness,Meta Ads,345.84,1381.85,299.56,5933,124
2025-07-26,Product Launch,Email Marketing,2311.85,11116.96,380.87,4251,112
2025-07-26,Product Launch,LinkedIn Ads,626.67,2555.98,307.87,2268,252
2025-07-26,Retargeting,TikTok Ads,2853.72,6568.83,130.18,7819,368
2025-07-27,Retargeting,Google Ads,669.81,3163.51,372.3,2076,408
2025-07-27,Holiday Promo,Meta Ads,502.68,1277.52,154.14,620,485
2025-07-27,Lead Gen,Email Marketing,1310.63,4909.65,274.6,3449,48
2025-07-27,Brand Awareness,LinkedIn Ads,485.32,2010.35,314.23,5141,445
2025-07-27,Product Launch,TikTok Ads,2429.44,3344.36,37.66,9472,410
2025-07-28,Retargeting,Google Ads,1399.46,4724.06,237.56,6271,45
2025-07-28,Holiday Promo,Meta Ads,235.43,778.77,230.79,7082,431
2025-07-28,Lead Gen,Email Marketing,2890.21,5369.61,85.79,7732,372
2025-07-28,Product Launch,LinkedIn Ads,2254.63,10540.97,367.53,4625,325
2025-07-28,Product Launch,TikTok Ads,2369.0,11254.31,375.07,7816,233
2025-07-29,Retargeting,Google Ads,951.51,4965.81,421.89,4222,435
2025-07-29,Product Launch,Meta Ads,2668.57,8534.74,219.82,4195,394
2025-07-29,Retargeting,Email Marketing,2070.93,6886.91,232.55,5711,24
2025-07-29,Retargeting,LinkedIn Ads,709.15,3283.85,363.07,3675,191
2025-07-29,Product Launch,TikTok Ads,983.04,4899.93,398.45,9967,369
2025-07-30,Holiday Promo,Google Ads,228.42,511.17,123.79,3330,53
2025-07-30,Holiday Promo,Meta Ads,1568.02,5091.68,224.72,4137,363
2025-07-30,Holiday Promo,Email Marketing,1454.89,3586.61,146.52,482,57
2025-07-30,Holiday Promo,LinkedIn Ads,2137.0,7908.37,270.07,5216,349
2025-07-30,Product Launch,TikTok Ads,1749.72,9598.12,448.55,5832,227
2025-07-31,Lead Gen,Google Ads,1126.22,2836.36,151.85,7634,148
2025-07-31,Product Launch,Meta Ads,537.84,921.9,71.41,3355,171
2025-07-31,Holiday Promo,Email Marketing,2862.46,6098.34,113.05,3233,108
2025-07-31,Retargeting,LinkedIn Ads,974.2,3366.78,245.59,9859,399
2025-07-31,Lead Gen,TikTok Ads,2945.43,6415.67,117.82,3380,161
2025-08-01,Brand Awareness,Google Ads,1046.35,2489.83,137.95,8951,74
2025-08-01,Holiday Promo,Meta Ads,1749.41,8632.26,393.44,2268,336
2025-08-01,Holiday Promo,Email Marketing,487.25,1180.44,142.27,400,303
2025-08-01,Holiday Promo,LinkedIn Ads,1433.31,3276.06,128.57,3220,36
2025-08-01,Product Launch,TikTok Ads,519.44,1721.69,231.45,1270,215
2025-08-02,Product Launch,Google Ads,1962.45,3613.95,84.16,1078,87
2025-08-02,Holiday Promo,Meta Ads,2857.55,4884.53,70.93,1595,137
2025-08-02,Holiday Promo,Email Marketing,1897.69,6541.45,244.71,3897,407
2025-08-02,Holiday Promo,LinkedIn Ads,2743.81,10236.22,273.07,5071,450
2025-08-02,Brand Awareness,TikTok Ads,1055.06,5621.85,432.85,1186,322
2025-08-03,Brand Awareness,Google Ads,2853.25,6012.96,110.74,3604,330
2025-08-03,Brand Awareness,Meta Ads,639.76,974.21,52.28,3047,292
2025-08-03,Lead Gen,Email Marketing,1343.85,3295.68,145.24,9929,250
2025-08-03,Brand Awareness,LinkedIn Ads,1006.69,4929.07,389.63,4832,369
2025-08-03,Product Launch,TikTok Ads,2124.68,9778.55,360.24,4534,413
2025-08-04,Lead Gen,Google Ads,2051.31,3473.97,69.35,3441,227
2025-08-04,Brand Awareness,Meta Ads,2013.38,3647.47,81.16,4552,433
2025-08-04,Product Launch,Email Marketing,664.58,2937.79,342.05,5239,314
2025-08-04,Retargeting,LinkedIn Ads,2779.34,8936.69,221.54,7395,73
2025-08-04,Holiday Promo,TikTok Ads,2159.25,7604.71,252.19,4660,266
2025-08-05,Retargeting,Google Ads,425.24,1300.27,205.77,853,465
2025-08-05,Product Launch,Meta Ads,1890.4,4129.34,118.44,623,56
2025-08-05,Retargeting,Email Marketing,1843.94,7543.21,309.08,539,401
2025-08-05,Holiday Promo,LinkedIn Ads,1813.49,6223.07,243.15,3070,250
2025-08-05,Holiday Promo,TikTok Ads,2765.0,8500.45,207.43,3173,309
2025-08-06,Retargeting,Google Ads,2913.35,8611.56,195.59,7900,188
2025-08-06,Holiday Promo,Meta Ads,2076.37,6166.97,197.01,2834,178
2025-08-06,Brand Awareness,Email Marketing,1007.01,4501.48,347.01,6761,426
2025-08-06,Holiday Promo,LinkedIn Ads,1473.51,3816.5,159.01,5353,139
2025-08-06,Holiday Promo,TikTok Ads,2621.75,12946.94,393.83,218,346
2025-08-07,Holiday Promo,Google Ads,1357.09,3739.67,175.57,3273,275
2025-08-07,Lead Gen,Meta Ads,1951.14,4581.94,134.83,1045,114
2025-08-07,Brand Awareness,Email Marketing,2797.48,11756.34,320.25,7378,460
2025-08-07,Product Launch,LinkedIn Ads,280.83,528.25,88.1,4120,373
2025-08-07,Brand Awareness,TikTok Ads,238.29,516.19,116.62,6884,57
2025-08-08,Holiday Promo,Google Ads,1492.05,7129.34,377.82,2124,341
2025-08-08,Holiday Promo,Meta Ads,2811.43,11901.54,323.33,4981,270
2025-08-08,Lead Gen,Email Marketing,2537.23,8028.26,216.42,7936,134
2025-08-08,Brand Awareness,LinkedIn Ads,1274.04,6346.12,398.11,8527,392
2025-08-08,Product Launch,TikTok Ads,973.49,5078.96,421.73,6998,184
2025-08-09,Product Launch,Google Ads,948.08,4097.62,332.2,242,154
2025-08-09,Product Launch,Meta Ads,1823.79,3353.88,83.9,8222,453
2025-08-09,Holiday Promo,Email Marketing,1556.16,6972.15,348.04,5646,292
2025-08-09,Lead Gen,LinkedIn Ads,1474.96,2966.45,101.12,5472,455
2025-08-09,Brand Awareness,TikTok Ads,1801.03,8167.39,353.48,4026,448
2025-08-10,Holiday Promo,Google Ads,1090.89,5593.81,412.77,7949,371
2025-08-10,Lead Gen,Meta Ads,1281.02,6851.85,434.87,2692,263
2025-08-10,Holiday Promo,Email Marketing,1606.42,7935.25,393.97,9869,179
2025-08-10,Holiday Promo,LinkedIn Ads,479.19,2063.64,330.65,7686,17
2025-08-10,Retargeting,TikTok Ads,2638.61,8493.18,221.88,2729,48
2025-08-11,Retargeting,Google Ads,1147.97,1774.02,54.54,6712,342
2025-08-11,Holiday Promo,Meta Ads,2586.56,13716.01,430.28,8942,204
2025-08-11,Retargeting,Email Marketing,2642.67,3948.7,49.42,788,326
2025-08-11,Brand Awareness,LinkedIn Ads,2992.79,16181.57,440.69,1680,232
2025-08-11,Retargeting,TikTok Ads,1442.3,1910.29,32.45,5106,472
2025-08-12,Lead Gen,Google Ads,2429.2,6830.47,181.18,5006,193
2025-08-12,Lead Gen,Meta Ads,883.75,3651.43,313.17,6951,299
2025-08-12,Product Launch,Email Marketing,675.95,3342.31,394.46,1493,322
2025-08-12,Lead Gen,LinkedIn Ads,2112.78,7833.29,270.76,8353,477
2025-08-12,Brand Awareness,TikTok Ads,1491.22,3426.68,129.79,4361,245
2025-08-13,Product Launch,Google Ads,2716.94,6620.68,143.68,7822,471
2025-08-13,Product Launch,Meta Ads,642.33,1725.25,168.59,7437,493
2025-08-13,Retargeting,Email Marketing,1037.63,2361.05,127.54,7151,363
2025-08-13,Lead Gen,LinkedIn Ads,757.81,2483.95,227.78,6502,446
2025-08-13,Retargeting,TikTok Ads,1267.82,3134.37,147.23,6081,304
2025-08-14,Brand Awareness,Google Ads,261.43,322.82,23.48,6684,150
2025-08-14,Retargeting,Meta Ads,2749.73,13990.26,408.79,8338,436
2025-08-14,Lead Gen,Email Marketing,2372.07,11026.11,364.83,3970,320
2025-08-14,Lead Gen,LinkedIn Ads,1982.53,8820.24,344.9,4306,357
2025-08-14,Brand Awareness,TikTok Ads,1959.09,8994.23,359.1,845,168
2025-08-15,Retargeting,Google Ads,1822.81,9317.11,411.14,2353,56
2025-08-15,Product Launch,Meta Ads,2292.95,4054.59,76.83,3077,112
2025-08-15,Retargeting,Email Marketing,2654.09,8911.68,235.77,6194,281
2025-08-15,Holiday Promo,LinkedIn Ads,2525.32,11985.59,374.62,4410,477
2025-08-15,Brand Awareness,TikTok Ads,2908.68,14376.75,394.27,5035,392
2025-08-16,Lead Gen,Google Ads,1511.33,6714.61,344.28,1433,82
2025-08-16,Retargeting,Meta Ads,2608.39,12154.38,365.97,6711,443
2025-08-16,Brand Awareness,Email Marketing,452.85,1058.39,133.72,6664,17
2025-08-16,Retargeting,LinkedIn Ads,1473.4,4182.11,183.84,4495,309
2025-08-16,Product Launch,TikTok Ads,503.37,658.21,30.76,4030,251
2025-08-17,Holiday Promo,Google Ads,1118.42,1646.13,47.18,3826,341
2025-08-17,Lead Gen,Meta Ads,2746.29,8117.13,195.57,5151,342
2025-08-17,Brand Awareness,Email Marketing,326.97,1792.61,448.25,809,165
2025-08-17,Retargeting,LinkedIn Ads,472.14,1355.6,187.12,9007,79
2025-08-17,Lead Gen,TikTok Ads,2077.36,7739.34,272.56,9050,224
2025-08-18,Holiday Promo,Google Ads,2679.16,8852.46,230.42,1822,436
2025-08-18,Lead Gen,Meta Ads,2829.35,11793.32,316.82,4783,26
2025-08-18,Retargeting,Email Marketing,1441.47,3977.81,175.96,4068,447
2025-08-18,Lead Gen,LinkedIn Ads,1724.5,5021.74,191.2,6076,41
2025-08-18,Product Launch,TikTok Ads,2910.98,11789.19,304.99,7650,56
2025-08-19,Lead Gen,Google Ads,2919.06,7689.06,163.41,1028,412
2025-08-19,Product Launch,Meta Ads,2403.54,11460.6,376.82,3562,45
2025-08-19,Retargeting,Email Marketing,780.04,3853.16,393.97,3738,426
2025-08-19,Lead Gen,LinkedIn Ads,2368.23,5665.47,139.23,9964,11
2025-08-19,Brand Awareness,TikTok Ads,2965.08,13739.02,363.36,9050,138
2025-08-20,Lead Gen,Google Ads,2050.96,2592.21,26.39,622,77
2025-08-20,Lead Gen,Meta Ads,1848.79,4328.17,134.11,458,99
2025-08-20,Holiday Promo,Email Marketing,2276.81,10032.45,340.64,8819,68
2025-08-20,Holiday Promo,LinkedIn Ads,1455.17,5460.91,275.28,6131,272
2025-08-20,Product Launch,TikTok Ads,1610.75,7357.71,356.79,910,382
2025-08-21,Holiday Promo,Google Ads,1044.56,5738.73,449.39,710,41
2025-08-21,Holiday Promo,Meta Ads,1393.57,5941.24,326.33,1968,261
2025-08-21,Brand Awareness,Email Marketing,405.77,1548.29,281.57,1523,174
2025-08-21,Holiday Promo,LinkedIn Ads,553.34,2358.48,326.23,9790,290
2025-08-21,Product Launch,TikTok Ads,2984.96,9405.54,215.1,8892,160
2025-08-22,Product Launch,Google Ads,1404.56,5639.68,301.53,2074,446
2025-08-22,Lead Gen,Meta Ads,2218.35,6969.36,214.17,3722,230
2025-08-22,Brand Awareness,Email Marketing,1358.68,4060.76,198.88,7630,214
2025-08-22,Lead Gen,LinkedIn Ads,1075.14,2468.55,129.6,5320,350
2025-08-22,Brand Awareness,TikTok Ads,2123.1,3380.54,59.23,7970,44
2025-08-23,Lead Gen,Google Ads,461.04,2017.89,337.68,1782,391
2025-08-23,Retargeting,Meta Ads,1757.84,6354.28,261.48,9808,499
2025-08-23,Holiday Promo,Email Marketing,2076.04,10289.92,395.65,6930,191
2025-08-23,Retargeting,LinkedIn Ads,2630.66,9948.53,278.18,1042,157
2025-08-23,Holiday Promo,TikTok Ads,490.08,914.17,86.53,8513,118
2025-08-24,Retargeting,Google Ads,827.89,4002.94,383.51,1973,189
2025-08-24,Holiday Promo,Meta Ads,521.68,1133.34,117.25,4764,303
2025-08-24,Retargeting,Email Marketing,2566.43,9800.37,281.87,9321,23
2025-08-24,Retargeting,LinkedIn Ads,281.07,1258.73,347.84,4677,369
2025-08-24,Holiday Promo,TikTok Ads,1182.87,2148.07,81.6,3172,455
2025-08-25,Lead Gen,Google Ads,394.84,1740.57,340.83,702,56
2025-08-25,Retargeting,Meta Ads,1253.34,2352.34,87.69,7632,184
2025-08-25,Brand Awareness,Email Marketing,2220.47,3475.74,56.53,9499,315
2025-08-25,Holiday Promo,LinkedIn Ads,635.62,985.72,55.08,1015,355
2025-08-25,Retargeting,TikTok Ads,2053.43,6367.26,210.08,8157,320
2025-08-26,Brand Awareness,Google Ads,803.59,2157.03,168.42,8594,68
2025-08-26,Retargeting,Meta Ads,993.09,3441.87,246.58,9917,259
2025-08-26,Lead Gen,Email Marketing,327.17,469.67,43.56,6675,316
2025-08-26,Retargeting,LinkedIn Ads,1043.97,1868.82,79.01,3660,402
2025-08-26,Holiday Promo,TikTok Ads,1010.45,3373.65,233.88,2165,13
2025-08-27,Product Launch,Google Ads,691.95,2924.03,322.58,6429,282
2025-08-27,Brand Awareness,Meta Ads,1764.43,5129.91,190.74,6002,46
2025-08-27,Retargeting,Email Marketing,1421.41,2181.59,53.48,7732,481
2025-08-27,Holiday Promo,LinkedIn Ads,1812.13,7703.08,325.08,9594,217
2025-08-27,Lead Gen,TikTok Ads,1010.64,5411.63,435.47,6836,20
2025-08-28,Retargeting,Google Ads,2443.7,10178.8,316.53,7738,435
2025-08-28,Holiday Promo,Meta Ads,446.76,1373.08,207.34,1934,134
2025-08-28,Retargeting,Email Marketing,1667.1,4224.73,153.42,6684,455
2025-08-28,Brand Awareness,LinkedIn Ads,820.4,2785.32,239.51,2954,49
2025-08-28,Retargeting,TikTok Ads,1685.69,7649.29,353.78,3376,473
2025-08-29,Retargeting,Google Ads,2236.66,3672.73,64.21,2619,130
2025-08-29,Brand Awareness,Meta Ads,752.36,3358.8,346.44,2704,399
2025-08-29,Product Launch,Email Marketing,696.01,3093.15,344.41,8295,247
2025-08-29,Product Launch,LinkedIn Ads,1456.93,5728.33,293.18,9448,339
2025-08-29,Holiday Promo,TikTok Ads,1104.98,3415.47,209.1,5379,87
2025-08-30,Brand Awareness,Google Ads,1438.18,3424.45,138.11,5161,417
2025-08-30,Brand Awareness,Meta Ads,1185.44,3776.21,218.55,1415,168
2025-08-30,Brand Awareness,Email Marketing,359.29,1427.12,297.21,4903,49
2025-08-30,Product Launch,LinkedIn Ads,1922.02,6130.59,218.97,8507,206
2025-08-30,Product Launch,TikTok Ads,2871.85,14672.04,410.89,872,240
2025-08-31,Lead Gen,Google Ads,2025.14,6571.99,224.52,5467,319
2025-08-31,Retargeting,Meta Ads,2881.62,13506.61,368.72,7581,62
2025-08-31,Brand Awareness,Email Marketing,2950.68,11738.83,297.83,1581,268
2025-08-31,Product Launch,LinkedIn Ads,893.68,3086.32,245.35,7372,234
2025-08-31,Holiday Promo,TikTok Ads,644.49,1557.37,141.64,6308,479
2025-09-01,Retargeting,Google Ads,2368.5,10880.12,359.37,9995,36
2025-09-01,Retargeting,Meta Ads,384.55,1583.2,311.7,1748,295
2025-09-01,Lead Gen,Email Marketing,905.59,1404.08,55.05,2663,180
2025-09-01,Holiday Promo,LinkedIn Ads,2766.89,11630.52,320.35,5282,345
2025-09-01,Retargeting,TikTok Ads,561.06,2021.7,260.34,1588,168
2025-09-02,Holiday Promo,Google Ads,2476.92,9852.96,297.79,8824,57
2025-09-02,Lead Gen,Meta Ads,1623.77,4105.09,152.81,498,195
2025-09-02,Lead Gen,Email Marketing,1156.85,2515.15,117.41,8167,108
2025-09-02,Product Launch,LinkedIn Ads,633.85,2908.68,358.89,5046,442
2025-09-02,Product Launch,TikTok Ads,2358.45,9542.99,304.63,8826,29
2025-09-03,Product Launch,Google Ads,566.94,1075.86,89.77,6372,88
2025-09-03,Holiday Promo,Meta Ads,2465.32,7598.11,208.2,2912,379
2025-09-03,Holiday Promo,Email Marketing,1220.04,4667.34,282.56,4091,237
2025-09-03,Holiday Promo,LinkedIn Ads,855.21,4577.14,435.21,4118,168
2025-09-03,Product Launch,TikTok Ads,2731.13,11243.3,311.67,3378,198
2025-09-04,Holiday Promo,Google Ads,2956.43,7129.78,141.16,7764,403
2025-09-04,Product Launch,Meta Ads,1608.14,7578.57,371.26,7059,92
2025-09-04,Retargeting,Email Marketing,587.52,2324.86,295.71,4296,36
2025-09-04,Brand Awareness,LinkedIn Ads,1752.71,8478.45,383.73,1880,374
2025-09-04,Product Launch,TikTok Ads,998.18,3126.37,213.21,2826,149
2025-09-05,Lead Gen,Google Ads,612.58,3228.04,426.96,7367,56
2025-09-05,Brand Awareness,Meta Ads,2486.77,3269.31,31.47,5927,486
2025-09-05,Brand Awareness,Email Marketing,1310.07,3747.47,186.05,6326,130
2025-09-05,Retargeting,LinkedIn Ads,1249.76,6501.94,420.26,661,173
2025-09-05,Holiday Promo,TikTok Ads,2415.87,5879.22,143.36,2454,29
2025-09-06,Holiday Promo,Google Ads,2149.0,9098.45,323.38,2473,398
2025-09-06,Lead Gen,Meta Ads,1922.98,4423.76,130.05,1498,19
2025-09-06,Retargeting,Email Marketing,1736.65,2914.28,67.81,8847,226
2025-09-06,Product Launch,LinkedIn Ads,865.39,1925.74,122.53,2196,34
2025-09-06,Product Launch,TikTok Ads,1479.92,7535.95,409.21,2016,438
2025-09-07,Lead Gen,Google Ads,1700.95,3810.7,124.03,8643,304
2025-09-07,Product Launch,Meta Ads,1015.56,2759.39,171.71,225,324
2025-09-07,Brand Awareness,Email Marketing,1366.39,7366.23,439.1,1602,278
2025-09-07,Product Launch,LinkedIn Ads,2869.53,13146.96,358.16,9114,269
2025-09-07,Holiday Promo,TikTok Ads,1751.63,5643.02,222.16,6597,457
2025-09-08,Brand Awareness,Google Ads,2946.91,3742.11,26.98,4355,392
2025-09-08,Retargeting,Meta Ads,1165.45,4314.71,270.22,1898,405
2025-09-08,Lead Gen,Email Marketing,573.55,1523.21,165.58,5972,289
2025-09-08,Lead Gen,LinkedIn Ads,2525.07,8225.88,225.77,7812,366
2025-09-08,Holiday Promo,TikTok Ads,2472.19,11217.86,353.76,1233,376
2025-09-09,Brand Awareness,Google Ads,303.55,1396.87,360.18,3502,32
2025-09-09,Product Launch,Meta Ads,1083.67,3156.04,191.24,5280,273
2025-09-09,Retargeting,Email Marketing,1525.52,6074.12,298.17,799,395
2025-09-09,Retargeting,LinkedIn Ads,1199.53,4821.68,301.96,983,453
2025-09-09,Holiday Promo,TikTok Ads,548.53,2756.25,402.48,6229,233
2025-09-10,Holiday Promo,Google Ads,2704.98,14571.76,438.7,6534,183
2025-09-10,Retargeting,Meta Ads,2137.79,9894.44,362.83,6218,483
2025-09-10,Lead Gen,Email Marketing,2443.21,7455.73,205.16,7155,50
2025-09-10,Retargeting,LinkedIn Ads,1727.33,2667.51,54.43,5462,62
2025-09-10,Retargeting,TikTok Ads,1058.19,4408.41,316.6,7181,95
2025-09-11,Retargeting,Google Ads,1451.96,7974.23,449.2,5976,324
2025-09-11,Holiday Promo,Meta Ads,1990.51,8133.4,308.61,1139,48
2025-09-11,Product Launch,Email Marketing,1217.27,1623.72,33.39,2821,497
2025-09-11,Lead Gen,LinkedIn Ads,2098.65,3657.5,74.28,7379,27
2025-09-11,Product Launch,TikTok Ads,2379.84,6773.68,184.63,6201,195
2025-09-12,Retargeting,Google Ads,290.68,911.19,213.47,2713,357
2025-09-12,Retargeting,Meta Ads,1241.64,2225.13,79.21,1459,303
2025-09-12,Brand Awareness,Email Marketing,1314.5,7006.6,433.02,4766,137
2025-09-12,Product Launch,LinkedIn Ads,2259.89,6472.43,186.4,8376,275
2025-09-12,Product Launch,TikTok Ads,529.73,1652.21,211.9,4464,370
2025-09-13,Brand Awareness,Google Ads,999.62,1726.68,72.73,8247,112
2025-09-13,Retargeting,Meta Ads,1465.72,6867.2,368.52,7492,54
2025-09-13,Retargeting,Email Marketing,2069.95,7309.69,253.13,1263,291
2025-09-13,Lead Gen,LinkedIn Ads,2583.81,7116.89,175.44,3052,416
2025-09-13,Holiday Promo,TikTok Ads,539.81,970.13,79.72,3492,415
2025-09-14,Product Launch,Google Ads,273.6,762.34,178.63,9277,303
2025-09-14,Holiday Promo,Meta Ads,563.36,1425.27,152.99,1612,43
2025-09-14,Lead Gen,Email Marketing,1671.95,6139.52,267.21,6908,431
2025-09-14,Product Launch,LinkedIn Ads,2922.66,9361.52,220.31,1415,240
2025-09-14,Lead Gen,TikTok Ads,1164.64,4341.17,272.75,9232,337
2025-09-15,Lead Gen,Google Ads,1411.33,2447.09,73.39,1107,435
2025-09-15,Lead Gen,Meta Ads,1051.55,5488.43,421.94,2853,175
2025-09-15,Brand Awareness,Email Marketing,1168.86,2830.29,142.14,8701,468
2025-09-15,Retargeting,LinkedIn Ads,901.69,1567.35,73.82,9224,150
2025-09-15,Product Launch,TikTok Ads,1920.4,7597.57,295.62,1730,267
2025-09-16,Product Launch,Google Ads,2836.5,11438.33,303.26,2726,97
2025-09-16,Brand Awareness,Meta Ads,1145.33,5438.62,374.85,9434,31
2025-09-16,Product Launch,Email Marketing,427.42,1709.62,299.99,9649,145
2025-09-16,Product Launch,LinkedIn Ads,1366.44,6863.2,402.27,696,264
2025-09-16,Holiday Promo,TikTok Ads,1011.08,2277.94,125.3,5149,257
2025-09-17,Holiday Promo,Google Ads,1032.81,1505.45,45.76,1395,362
2025-09-17,Lead Gen,Meta Ads,1363.74,3631.41,166.28,7809,114
2025-09-17,Retargeting,Email Marketing,1075.23,5858.39,444.85,5431,385
2025-09-17,Product Launch,LinkedIn Ads,2931.05,8187.37,179.33,2342,399
2025-09-17,Holiday Promo,TikTok Ads,497.32,858.79,72.68,4160,248
2025-09-18,Holiday Promo,Google Ads,894.17,2188.85,144.79,1786,35
2025-09-18,Lead Gen,Meta Ads,2619.66,13987.8,433.95,7050,137
2025-09-18,Lead Gen,Email Marketing,2477.74,6305.04,154.47,9664,379
2025-09-18,Retargeting,LinkedIn Ads,1595.14,5335.21,234.47,8633,249
2025-09-18,Holiday Promo,TikTok Ads,1592.64,4604.23,189.09,1675,493
2025-09-19,Brand Awareness,Google Ads,2906.72,7898.86,171.74,3724,308
2025-09-19,Holiday Promo,Meta Ads,987.8,4765.4,382.43,9989,461
2025-09-19,Lead Gen,Email Marketing,1000.1,1662.4,66.22,333,443
2025-09-19,Brand Awareness,LinkedIn Ads,2670.88,7836.34,193.4,6192,401
2025-09-19,Product Launch,TikTok Ads,1321.63,2692.18,103.7,9543,297
2025-09-20,Product Launch,Google Ads,1008.08,3161.87,213.65,6529,268
2025-09-20,Holiday Promo,Meta Ads,983.22,5302.36,439.29,2146,75
2025-09-20,Lead Gen,Email Marketing,1244.96,6520.45,423.75,5755,295
2025-09-20,Brand Awareness,LinkedIn Ads,757.36,2537.41,235.03,8541,215
2025-09-20,Holiday Promo,TikTok Ads,308.96,1000.13,223.71,5656,421
2025-09-21,Product Launch,Google Ads,617.03,1610.6,161.02,8646,81
2025-09-21,Retargeting,Meta Ads,1091.88,4781.42,337.91,6638,325
2025-09-21,Holiday Promo,Email Marketing,1862.43,6316.94,239.18,8511,434
2025-09-21,Retargeting,LinkedIn Ads,2184.47,10283.87,370.77,5111,253
2025-09-21,Brand Awareness,TikTok Ads,1127.47,4182.82,270.99,1995,223
2025-09-22,Product Launch,Google Ads,1871.35,8545.5,356.65,4550,345
2025-09-22,Product Launch,Meta Ads,1817.38,5935.44,226.59,1041,308
2025-09-22,Lead Gen,Email Marketing,1961.27,9282.97,373.31,6429,85
2025-09-22,Retargeting,LinkedIn Ads,288.4,369.56,28.14,2000,107
2025-09-22,Product Launch,TikTok Ads,1372.58,2850.48,107.67,6965,363
2025-09-23,Brand Awareness,Google Ads,2369.92,11489.42,384.8,7926,456
2025-09-23,Holiday Promo,Meta Ads,2176.17,7859.92,261.18,8698,116
2025-09-23,Product Launch,Email Marketing,1671.34,3250.23,94.47,5340,499
2025-09-23,Retargeting,LinkedIn Ads,1158.52,5236.0,351.96,6004,356
2025-09-23,Product Launch,TikTok Ads,1908.21,4312.62,126.0,3350,500
2025-09-24,Lead Gen,Google Ads,1035.8,2530.17,144.27,5076,404
2025-09-24,Product Launch,Meta Ads,2132.67,6959.23,226.32,8211,172
2025-09-24,Product Launch,Email Marketing,2814.36,4852.12,72.41,4680,157
2025-09-24,Lead Gen,LinkedIn Ads,1263.14,3390.37,168.41,6664,429
2025-09-24,Retargeting,TikTok Ads,1013.27,4327.48,327.08,4912,499
2025-09-25,Lead Gen,Google Ads,2787.23,9086.48,226.0,4401,392
2025-09-25,Retargeting,Meta Ads,2518.26,9107.73,261.67,4642,487
2025-09-25,Product Launch,Email Marketing,584.36,1310.47,124.26,9814,132
2025-09-25,Retargeting,LinkedIn Ads,831.88,1356.67,63.08,4014,36
2025-09-25,Brand Awareness,TikTok Ads,2208.6,9970.27,351.43,1847,358
2025-09-26,Holiday Promo,Google Ads,2900.65,11624.18,300.74,2787,218
2025-09-26,Retargeting,Meta Ads,1536.86,8214.26,434.48,3467,397
2025-09-26,Product Launch,Email Marketing,999.16,4501.73,350.55,1169,474
2025-09-26,Holiday Promo,LinkedIn Ads,850.22,4389.11,416.23,811,477
2025-09-26,Holiday Promo,TikTok Ads,2670.29,13763.82,415.44,3080,488
2025-09-27,Retargeting,Google Ads,2406.29,10637.52,342.07,3252,489
2025-09-27,Brand Awareness,Meta Ads,2654.88,9669.7,264.22,351,162
2025-09-27,Product Launch,Email Marketing,2799.67,8829.32,215.37,5689,155
2025-09-27,Retargeting,LinkedIn Ads,1668.09,5618.32,236.81,2398,445
2025-09-27,Holiday Promo,TikTok Ads,739.87,1404.81,89.87,2045,179
2025-09-28,Retargeting,Google Ads,2015.2,8801.3,336.75,3250,17
2025-09-28,Holiday Promo,Meta Ads,1789.79,6849.71,282.71,3364,99
2025-09-28,Brand Awareness,Email Marketing,2515.57,3956.92,57.3,8642,177
2025-09-28,Lead Gen,LinkedIn Ads,717.39,1859.11,159.15,2503,254
2025-09-28,Retargeting,TikTok Ads,219.12,683.87,212.1,6484,130
